Profundidade (m),Vazão (L/h),Fraturas (m),Resíduo Seco (mg/L),Lab,Análise,Latitude,Longitude
,nan,,nan,,,"06°26'14.1""","36°38'44.8"""
,nan,,nan,,,"06°28'30.7""","36°41'42.8"""
,nan,,nan,,,"06°26'43.8""","36°38'25.7"""
,nan,,nan,,,"06°25'53.0""","36°38'24.0"""
,nan,,nan,,,"06°21'33.0""","36°33'44.4"""
,nan,,nan,,,"06°19'34.8""","36°35'26.2"""
,nan,,nan,,,"06°20'50.6""","36°44'47.1"""
,nan,,nan,,,"06°26'14.1""","36°38'44.8"""
,nan,,nan,,,"06°21'47.9""","36°41'51.9"""
,nan,,nan,,,"06°31'19.7""","36°40'54.9"""
,nan,,nan,,,"06°27'18.6""","36°44'18.6"""
,nan,,nan,,,"06°29'30.1""","36°43'27.5"""
,nan,,nan,,,"06°24'50.0""","36°39'25.2"""
,nan,,nan,,,"06°21'13.1""","36°35'48.2"""
,nan,,nan,,,"06°27'23.3""","36°41'25.5"""
,nan,,nan,,,"06°03'08.2""","35°53'08.6"""
,nan,,nan,,,"06°23'55.2""","36°10'08.3"""
,nan,,nan,,,"06°23'55.2""","36°10'08.3"""
40,nan,30.5,nan,,,nan,nan
,nan,,nan,,,"06°15'00.7""","36°31'24.3"""
,nan,,nan,,,"06°16'18.4""","36°31'31.3"""
,nan,,nan,,,"06°15'32.4""","36°30'25.4"""
,nan,,nan,,,"06°15'32.4""","36°30'25.4"""
,nan,,nan,,,"06°15'41.9""","36°31'27.2"""
,nan,,nan,,,"06°15'14.4""","36°31'18.9"""
,nan,,nan,,,"06°17'35.0""","36°31'23.6"""
,nan,,nan,,,"06°17'03.6""","36°30'40.7"""
,nan,,nan,,,"06°56'59.5""","36°43'36.1"""
,nan,,nan,,,"06°51'05.7""","36°39'41.6"""
,nan,,nan,,,"06°50'24.6""","36°40'13.5"""
,nan,,nan,,,"06°55'48.7""","36°42'08.1"""
,nan,,nan,,,"06°18'42.5""","37°17'43.7"""
,nan,,nan,,,"06°37'06.9""","36°42'12.9"""
63.90,416,35.0,7075.60,LABDES,500/2013,"06°24'21.1""","35°37'40.5"""
52.80,4500,32.0,5232.10,LABDES,491/2013,"06°23'54.0""","35°38'29.1"""
,nan,,nan,,,"06°24'15.3""","35°38'28.2"""
47,1500,28.5,694,LABDES,97/2011,"06°12'18.1""","35°27'32.7"""
41,3789,20.666666666666668,784.9,LABDES,106/2011,"06°11'53.1""","35°24'22.7"""
,nan,,nan,,,"06°39'25.2""","36°52'12.2"""
,nan,,nan,,,"06°40'20.2""",36°51'39.8
51.2,7200,,1110.70,LABDES,340/2011,"06°39'11.5""","36°38'43.9"""
,nan,,nan,,,"06°27'59.9""","35°12'00.1"""
,nan,,nan,,,"06°27'56.9""","35°12'03.9"""
49.80,3130,37.0,3775.40,LABDES,208/2012,"06°13'26.8""","35°35'49.8"""
,nan,,nan,,,"06°13'07.90""","35°36'22.10"""
,nan,,nan,,,"06°15'07.80""","35°34'48.80"""
,nan,,nan,,,"08°48'56.8""","35°10'34.2"""
,nan,,nan,,,"08°48'50.2""","35°10'38.1"""
,nan,,nan,,,"08°48'42.3""","35°10'20.2"""
,nan,,nan,,,"08°48'38.8""","35°10'18.0"""
51.60,1043,,4283.80,LABDES,07./2012,"08°20'28.0""","36°28'06.3"""
51,seco,0,-,,,"08°19'37.6""","36°28'57.9"""
51,2250,,nan,,,"07°58'36.5""","36°07'47.1"""
51,800,16,6277.20,LABDES,29/2012,"08°06'46.7""","36°12'46.0"""
51.40,685,17,5013.00,LABDES,28/2012,"08°06'58.4""","36°12'27.2"""
,nan,,nan,,,"08°06'29.4""","36°12'09.1"""
51.40,496,36,837.3,LABDES,296/2012,"08°08'00.4""","36°23'50.7"""
,nan,,nan,,,"08°09'05.8""","36°22'15.0"""
52,0,0,-,,,"07°58'25.4""","36°08'26.9"""
,nan,,nan,,,"08°08'28.9""","36°22'23.6"""
66,seco,0,-,,,"08°06'11.4""","36°25'31.6"""
52.60,411,27,779.8,LABDES,297/2013,"08°06'40.9""","36°25'29.7"""
,nan,,nan,,,"08°05'58.2""","36°25'23.0"""
49,620,40.5,4276.10,LABDES,18/2011,"07°58'28.4""","37°07'49.6"""
51.60,800,31.5,4869.50,LABDES,17/2011,"07°58'38.4""","37°07'49.5"""
,nan,,nan,,,"08°02'58.9""","36°17'20.8"""
49,seco,0,-,,,"08°08'35.3""","36°22'49.5"""
51,827,15,nan,,,"08°06'13.3""","36°22'38.8"""
49,6000,23.5,1469.30,LABDES,294/2013,"08°09'41.9""","36°22'00.5"""
50,seco,0,-,,,"08°09'08.9""","36°22'13.5"""
,nan,,nan,,,"08°10'45.7""","36°22'41.1"""
,nan,,nan,,,"08°08'05.4""","36°20'01.3"""
54,seco,26,-,,,"08°08'03.7""","36°18'17.7"""
52,seco,8,-,,,"08°08'20.8""","36°17'24.2"""
66,380,51,2599.50,,,"08°19'52.4""","36°01'29.6"""
51,seco,11,-,,,"08°16'02.3""","36°03'04.7"""
41,98,11,3895.00,LABDES,358/2012,"08°17'55.0""","35°53'11.0"""
,nan,,nan,,,"08°02'23.9""","36°02'45.5"""
53.50,8000,20.0,800,,,"08°09'37.8""","36°08'22.7"""
49,110,20.0,-,,,"08°05'20.2""","36°02'51.6"""
,nan,,nan,,,"08°22'14.3""","35°52'44.2"""
,nan,,nan,,,"08°12'57.8""","35°27'27.1"""
51.50,211,17,476.9,LABDES,267/2012,"08°09'09.0""","37°24'00.3"""
51.70,263 m,-,4046.10,LABDES,122/2013,"07°28'58.2""","35°15'28.8"""
,nan,14.333333333333334,nan,,,"07°55'19.8""","35°55'19.8"""
58,seco,-,-,,,"07°58'58.6""","35°52'50.2"""
,nan,,nan,,,"07°56'43.9""","35°56'03.2"""
52,seco,-,-,,,"07°56'54.1""","35°56'35.3"""
,nan,,nan,,,"07°56'33.2""","35°55'10.6"""
,nan,,nan,,,"07°57'13.4""","35°54'34.6"""
,seco,,nan,,,"07°56'53.4""","35°53'53.8"""
,nan,,nan,,,"07°57'15.5""","35°54'39.7"""
,nan,,nan,,,"07°57'26.1""","35°54'48.6"""
53,nan,,nan,,,"07°24'12.9""","37°03'55.5"""
48.6,9000,15.0,284.3,LABDES,229/2012,"07°39'51.6""","35°01'28.5"""
,nan,,nan,,,"08°02'58.9""","36°17'20.8"""
,nan,,nan,,,"07°59'15.3""","36°34'38.5"""
,nan,,nan,,,"07°58'57.9""","36°30'18.7"""
56,533,27.5,887.2,LABDES,343/2014,"08°45'01.5""","36°26'02.2"""
,nan,,nan,,,"07°51'26.1""","35°21'38.5"""
,nan,,nan,,,"07°51'04.7""","35°21'49.5"""
,nan,,nan,,,"07°42'52.0""","35°38'21.2"""
,nan,,nan,,,"07°57'31.9""","35°35'37.2"""
,nan,,nan,,,"07°57'31.9""","35°35'37.2"""
,nan,,nan,,,"08°00'39.3""","35°55'20.3"""
,nan,,nan,,,"08°01'00.4""","35°54'47.6"""
48,5142,21.333333333333332,8767.30,LABDES,141/2011,"07°52'29.4""","36°22'29.8"""
51,255,12,4187.30,LABDES,239/2012,"08°13'56.1""","36°05'12.6"""
,nan,25,nan,,,"08°14'46.1""","36°09'05.6"""
,nan,,nan,,,"08°14'11.2""","36°10'30.2"""
,nan,,nan,,,"08°04'09.50""","37°17'53.10"""
55,seco,27,-,,,"07°55'04.3""","36°03'06.5"""
,nan,,nan,,,"07°57'39.3""","36°06'37.1"""
55.50,238,41.5,13038.70,LABDES,408/2012,"07°47'59.3""","36°05'24.6"""
53,4000,43.5,nan,,,nan,nan
44.60,9000,25.0,9634.80,LABDES,237/2012,"07°51'17.1""","36°01'42.0"""
50,seco,-,-,,,"07°58'08.2""","36°06'44.6"""
52.40,241,,108,,,"07°55'05.1""","36°02'05.1"""
,nan,,nan,,,"07°55'02.6""","36°04'13.1"""
60,seco,12,-,,,"07°47'51.2""","36°07'02.4"""
,nan,17.333333333333332,nan,,,"07°47'53.7""","36°10'45.7"""
,nan,9,nan,,,"07°57'02.7""","36°07'41.7"""
,nan,,nan,,,"07°56'43.9""","35°56'03.2"""
,nan,,nan,,,"07°48'30.2""","36°01'08.1"""
52.3,525,,5492,LABDES,414/2013,"07°53'13.0""","35°59'02.8"""
,nan,,nan,,,"07°58'22.9""","35°59'10.8"""
47.6,1531,,3360,LABDES,462/2013,"07°54'10.9""","35°58'59.8"""
49.6,328,,4607,LABDES,81/2014,"07°57'13.7""","36°00'44.5"""
,nan,15.666666666666666,nan,,,"07°12'06.4""","38°41'03.3"""
,nan,,nan,,,"07°10'09.2""","38°41'29.9"""
,nan,16.5,nan,,,"07°11'21.9""","38°45'29.4"""
,nan,,nan,,,"07°18'10.1""","38°39'26.7"""
,nan,,nan,,,"06°51'54.6""","36°25'50.7"""
,nan,,nan,,,"06°48'48.9""","39°46'51.6"""
52,nan,17,nan,,,nan,nan
52,seco,0,nan,,,nan,nan
52,nan,14,nan,,,nan,nan
52,nan,33,nan,,,nan,nan
52,seco,0,nan,,,nan,nan
52,nan,30,nan,,,nan,nan
52,nan,21,nan,,,nan,nan
52,seco,11,nan,,,nan,nan
,nan,,nan,,,"07°26'44.0""","37°35'17.4"""
51,Improdutivo,22,-,,,"07°02'56.30""","35°34'29.60"""
33,4800,17.5,8568.7 mg/ L,LABDES,343/2015,"07°03'10.2""","35°36'20.5"""
25.10,8000,,3527.80,LABDES,346/2015,"07°03'42.2""","35°35'42.4"""
33.24,8000,16.0,8437.60,LABDES,344/2015,"07°03'16.4""","35°36'27.8"""
47,5538,32.0,nan,LABDES,959/2015,"07°01'47.70""","35°36'39.30"""
52,742,36,6664.70,LABDES,271/2013,"07°03'37.3""","35°36'53.7"""
51.30,2057,23.0,10628.00,LABDES,378/2012,"07°03'33.6""","35°36'01.0"""
51.40,1263,15.5,1592.90,LABDES,337/2012,"07°03'02.2""","35°37'32.3"""
52,seco,0,-,,,"07°02'18.2""","35°33'33.8"""
30,169,10,-,,,"07°02'13.9""","35°33'34.5"""
44.80,10285,16.5,1425.30,LABDES,123/2013,"07°04'39.5""","35°39'35.1"""
,nan,34,nan,,,"07°03'35.7""","35°37'36.7"""
,nan,,nan,,,"07°01'24.4""","35°36'24.8"""
51,Improdutivo,11,-,,,"07°01'31.0""","35°36'11.2"""
,nan,,nan,,,"07°01'58.8""","35°37'22.8"""
50,282,,905,LABDES,540/2013,"07°03'43.6""","35°38'10.1"""
,nan,,nan,,,"07°02'56.30""","35°34'29.60"""
51,133,,nan,,,"07°03'27.00""","35°33'25.50"""
,nan,,nan,,,"07°02'14.60""","35°39'01.50"""
32.20,2117,,2092.00,,,"07°04'21.6""","35°34'42.6"""
,nan,,nan,,,"07°04'26.4""","35°34'32.8"""
,nan,,nan,,,"07°03'11.8""","35°36'32.1"""
,nan,,nan,,,"07°04'07.9""","35°39'38.3"""
49.40,1028,,853.6,LABDES,17/2014,"07°00'54.9""","35°35'22.0"""
,nan,,nan,,,"07°00'43.8""","35°35'28.1"""
51.40,174,15,-,,,"07°01'32.8""","35°36'27.2"""
,nan,,nan,,,"07°01'16.1""",35°39'50.0
,nan,34,nan,,,"07°04'37.6""","35°35'13.8"""
,nan,,nan,,,"07°03'40.4""","35°38'08.0"""
51,1800,38,1239.00,LABDES,396/2015,"07°03'36.4""","35°48'08.5"""
51,173,21,472.8,LABDES,215/2015,"07°03'00.6""","35°44'54.0"""
35.60,7200,21.5,557.6,LABDES,193/2015,"07°03'39.2""","35°47'18.0"""
61,seco,0,-,,,"07°02'55.0""","35°49'07.8"""
52,seco,13,-,,,"07°02'45.7""","35°48'50.8"""
50,seco,0,-,,,"07°04'12.1""","35°48'25.2"""
50,seco,0,-,,,"07°03'09.6""","35°46'42.0"""
50.80,92,0,-,,,"07°04'43.3""","35°49'00.8"""
51.70,503,8,2308,LABDES,644/2014,"07°03'34.05""","35°46'40.2"""
51.60,600,20.5,168.5,LABDES,355/2014,"07°31'14.6""","35°45'01.4"""
,nan,,nan,,,"07°02'54.1""","35°48'58.7"""
,nan,,nan,,,"07°04'05.80""","35°48'38.10"""
54,175,37,1132.00,,,"07°04'56.0""","35°48'52.8"""
,nan,,nan,,,"06°56'51.4""","35°30'36.8"""
,nan,,nan,,,"08°27'47.7""","36°01'01.4"""
50,nan,30,2543.40,LABDES,13/2011,"06°49'24.8""","35°24'44.7"""
48.70,2181,13.5,1100.10,LABDES,227/2012,"06°49'22.6""","35°24'41.4"""
52,Improdutivo,13,-,,,"06°57'53.9""","35°19'43.5"""
,nan,,nan,,,"06°46'15.0""","35°23'54.6"""
31,200,,3470,,,"06°50'00.6""","35°22'38.1"""
51.67,334,26,1399.30,LABDES,631/2014,"06°47'47.9""","35°20'28.2"""
48,3727,28.0,342,,,"06°47'12.7""","35°21'13.4"""
52,seco,0,-,,,"06°52'01.0""","35°23'07.5"""
,nan,,nan,,,"06°46'33.4""","35°22'53.8"""
38,1636,22.666666666666668,280.6,LABDES,110/2011,"06°32'05.0""","35°43'53.2"""
,nan,,nan,,,"06°31'51.1""","35°43'48.5"""
,nan,,nan,,,"06°33'46.6""","35°50'10.5"""
,nan,,nan,,,"06°29'29.4""","35°40'26.3"""
,nan,,nan,,,"06°29'45.5""","35°41'01.9"""
,nan,,nan,,,"06°29'06.2""","35°39'59.08"""
,nan,,nan,,,"06°31'28.0""","35°46'10.8"""
55,seco,13,-,,,"06°58'47.40""","35°43'15.70"""
52,4235,26.5,179.6,LABDES,420/2015,"06°58'26.3""","35°44'07.7"""
54,2666,29.0,200.1,LABDES,757/2015,"06°58'26.5""","35°44'07.9"""
62,4500,30.5,145.9,LABDES,234/2015,"06°59'33.9""","35°41'25.5"""
60.80,800,29.5,193.3,LABDES,160/2011,"06°59'08.2""","35°43'49.8"""
52,1200,34.5,nan,LABDES,960/2015,"06°58'37.00""","35°43'41.40"""
51,2117,15.5,-,,,"06°58'52.30""","35°43'52.80"""
69,6000,20.5,-,,,"06°59'37.1""","35°41'27.1"""
51,seco,0,-,,,"06°59'57.9""","35°46'37.8"""
51.90,3428,34.5,367.6,LABDES,119/2014,"07°01'51.8""","35°45'40.1"""
,nan,,nan,,,"06°57'53.1""","35°45'46.3"""
,nan,,nan,,,"06°58'06.9""","35°42'28.4"""
,nan,,nan,,,"07°03'29.3""","35°57'44.3"""
,nan,,nan,,,"07°02'43.3""","35°55'54.6"""
52,seco,0,-,,,"07°03'46.5""","35°55'16.2"""
,nan,,nan,,,"07°04'19.5""","35°56'59.9"""
,nan,,nan,,,"07°31'58.5""","35°40'49.9"""
49,197,25,-,,,"07°05'46.0""","36°44'34.8"""
95.20,8000,76.66666666666667,632.4,LABDES,341/2015,nan,nan
51.20,3130,17.0,527.7,LABDES,368/2015,nan,nan
49,1200,30.333333333333332,329.6,LABDES,324/2015,nan,nan
82,4500,67.5,676.5,LABDES,321/2015,nan,nan
38.40,3272,23.0,187.8,,,nan,nan
102,1565,40.5,595.3,LABDES,345/2015,nan,nan
51,1674,17.5,492.9,LABDES,288/2015,nan,nan
83,2400,58.5,679.1,LABDES,294/2015,nan,nan
51,2117,19.5,417.1,LABDES,267/2015,nan,nan
51,1674,32.5,438.3,LABDES,265/2015,nan,nan
50,180,,676.5,LABDES,321/2015,nan,nan
46,541,26.0,371,LABDES,268/2015,nan,nan
,nan,,nan,,,"06°42'04.4""","35°40'40.8"""
55.60,1469,29.0,513.2,LABDES,226/2012,"06°44'25.9""","35°37'47.8"""
52,276,16,149,LABDES,130/2011,"06°45'43.3""","35°38'32.5"""
50.60,5538,,135.5,LABDES,162/2012,"06°45'32.5""","35°37'04.7"""
,nan,,nan,,,"06°45'05.4""","35°33'49.3"""
,nan,,nan,,,"06°41'20.8""","35°40'56.2"""
,nan,,nan,,,"06°42'04.4""","35°40'40.8"""
,nan,,nan,,,"06°43'27.5""","35°38'21.1"""
,nan,,nan,,,"06°45'29.8""","35°36'01.4"""
74,Improdutivo,26,-,,,"06°45'34.4""","35°38'16.0"""
52,276,16,149,LABDES,130/2011,"06°45'42.6""","35°38'09.0"""
,nan,,nan,,,"06°44'46.1""","35°28'50.0"""
63,191,40.5,1215.90,LABDES,08./2012,"06°44'21.9""","35°33'54.2"""
53.20,480,33.0,3223.40,LABDES,396/2014,"06°43'49.3""","35°40'04.1"""
,nan,51,nan,,,"06°43'11.7""","35°34'15.9"""
52,847,24.5,170.7,LABDES,134/2011,"06°44'6.4""","35°35'15.9"""
,nan,,nan,,,"06°44'11.0""","35°56'12.6"""
52.40,84,,-,,,"06°44'15.6""","35°34'10.7"""
43.70,571,,257.9,LABDES,472/2013,"06°44'24.3""","35°34'29.6"""
,nan,,nan,,,"06°46'30.5""","35°34'52.5"""
50,seco,0,-,,,"06°45'05.1""","35°33'30.0"""
62.50,439,16,570.1,LABDES,793/2014,"06°45'23.2""","35°34'19.9"""
,nan,,nan,,,"06°46'48.4""","35°34'45.0"""
,nan,,nan,,,"06°46'48.5""","35°34'32.9"""
51,0,0,-,,,"06°46'58.1""","35°34'45.4"""
,nan,,nan,,,"07°27'35.9""","35°59'57.9"""
,nan,,nan,,,"06°42'45.4""","36°01'33.5"""
,nan,,nan,,,"06°45'17.8""","36°03'43.6"""
50,1945,24.0,3053.70,LABDES,875/2015,"07°30'20.30""","36°00'02.10"""
40,6000,21.0,4346.70,LABDES,518/2015,"07°29'27.9""","35°58'23.0"""
,nan,,nan,,,"07°27'35.9""","35°59'57.9"""
52,Improdutivo,11,-,,,"07°33'10.9""","36°00'23.7"""
,nan,,nan,,,"07°29'40.8""","35°56'55.3"""
,nan,,nan,,,"07°29'23.8""","35°59'51.9"""
,nan,,nan,,,"07°29'12.9""","35°59'57.1"""
,nan,,nan,,,"07°34'48.3""","36°04'03.7"""
52,seco,0,-,,,"07°31'38.3""","36°02'59.7"""
,nan,,nan,,,"07°32'55.8""","36°14'41.0"""
52,10285,30.0,6739.90,LABDES,409/2013,"07°37'32.8""","36°16'03.8"""
,nan,,nan,,,"07°34'44.7""","36°17'28.9"""
,nan,28,nan,,,"07°46'21.2""","36°11'40.4"""
52.10,9000,27.5,2889.40,LABDES,415/2013,"07°35'40.1""","36°18'05.1"""
,nan,,nan,,,"07°36'44.5""","36°19'24.1"""
,nan,,nan,,,"07°32'13.5""","36°14'38.9"""
,nan,,nan,,,"07°32'08.6""","36°14'33.3"""
,nan,,nan,,,"07°32'22.8""","36°14'29.0"""
,nan,,nan,,,"07°32'34.7""","36°14'25.0"""
49.70,1142,23.0,1343.50,,,"07°34'26.3""","36°16'03.6"""
50,1469,11,1564.20,,,"07°34'23.3""","36°16'22.4"""
,nan,,nan,,,"07°34'14.8""","36°16'33.9"""
52,1945,35.5,2030.40,LABDES,413/2013,"07°35'54.0""","36°18'03.3"""
51.50,10285,,1930.40,LABDES,83/2014,"07°35'25.6""","36°17'00.8"""
,nan,,nan,,,"07°39'36.8""","36°16'18.4"""
,nan,,nan,,,"06°44'46.1""","35°28'50.0"""
48,1800,15,964,,,"06°41'59.9""","35°32'13.7"""
,nan,,nan,,,"06°50'50.8""","35°28'58.2"""
,nan,,nan,,,"06°44'46.1""","35°28'50.0"""
60,360,48,1564.00,LABDES,15/2011,"06°45'35.4""","35°29'14.1"""
49,1309,27,691,LABDES,18/2011,"06°45'37.1""","35°29'22.3"""
,nan,,nan,,,"06°41'01.0""","35°32'07.4"""
,nan,,nan,,,"06°45'27.7""","35°31'06.8"""
41,seco,0,-,,,"07°12'16.5""","36°07'31.0"""
41,1014,17,7485.60,LABDES,240/2015,"07°13'57.5""","36°14'20.7"""
,nan,,nan,,,"07°13'57.5""","36°14'20.7"""
,nan,,nan,,,"07°18'18.6""","36°57'21.5"""
,nan,,nan,,,"07°09'31.6""","36°05'05.5"""
49,514,22,3791.20,LABDES,789/2015,"07°31'13.20""","36°05'18.30"""
48,1107,,4877.30,LABDES,108/2012,"07°25'22.9""","35°10'11.4"""
48.20,8000,20.5,2530.30,LABDES,331/2013,"07°33'56.8""","36°15'21.6"""
52,seco,0,-,,,"07°28'46.3""","36°06'26.5"""
50,seco,15,-,,,"07°34'20.0""","36°09'40.1"""
48.70,12000,18.333333333333332,2132.70,LABDES,333/2013,"07°33'34.9""","36°14'44.5"""
26.80,12000,,1854.30,LABDES,328/2013,"07°32'55.1""","36°14'06.9"""
48.70,7200,47.0,3786.80,LABDES,449/3013,"07°36'31.1""","36°08'33.9"""
48.40,4235,18.0,1305.40,LABDES,329/2013,"07°33'54.7""","36°13'47.9"""
,nan,,nan,,,"07°34'44.2""",36°13'18.3
,nan,,nan,,,"07°33'43.6""","36°13'41.4"""
48.10,1384,18,-,,,"07°34'10.6""","36°13'47.7"""
48.10,2000,20,1597.20,LABDES,334/2013,"07°33'05.0""","36°13'46.7"""
51,seco,18,nan,,,nan,nan
32.60,8000,17.333333333333332,471.3,LABDES,782/2015,nan,nan
37,6000,,2183.60,LABDES,790/2015,nan,nan
52,seco,0,nan,,,nan,nan
52,seco,0,nan,,,nan,nan
50,900,27,711.1,LABDES,783/2015,nan,nan
52,seco,0,nan,,,nan,nan
51,nan,14,nan,,,nan,nan
,nan,17.5,nan,,,"06°48'17.1""","35°34'00.8"""
50,seco,0,-,,,"06°47'29.5""","35°38'25.3"""
35,4800,,-,,,"07°33'44.5""","36°13'30.0"""
50.30,10285,,4557.80,LABDES,336/2012,"07°27'53.7""","36°16'16.7"""
,nan,,nan,,,"07°57'13.7""","36°09'37.3"""
51,seco,15,-,,,"07°26'24.3""","36°21'30.3"""
32,5142,18,1010.90,LABDES,797/2014,"07°32'15.1""","36°21'04.9"""
45.30,6000,22.333333333333332,8435.20,LABDES,256/2014,"07°25'17.0""","36°14'52.1"""
,nan,,nan,,,"07°29'19.4""","36°17'28.9"""
49.70,4235,26.0,837.8,LABDES,85/2015,"07°36'12.6""","36°19'01.7"""
,nan,,nan,,,"07°33'27.5""","36°17'14.6"""
,nan,,nan,,,"07°34'07.9""","36°17'25.0"""
100,nan,17,nan,,,nan,nan
52,nan,18.5,nan,,,nan,nan
51,nan,33.666666666666664,nan,,,nan,nan
52,nan,16.0,nan,,,nan,nan
36,Seco,0,nan,,,nan,nan
40,seco,0,nan,,,nan,nan
58,nan,24.0,nan,,,nan,nan
52,nan,22.0,nan,,,nan,nan
,nan,,nan,,,"06°57'18.7""","38°43'01.3"""
51.50,1180,,7949.70,LABDES,391/2015,"06°40'53.3""","35°44'59.8"""
52,493,27.5,5939.70,LABDES,16/2014,"06°40'47.6""","35°45'27.7"""
50.60,857,15.5,5059.40,LABDES,364/2012,"06°37'32.5""","35°28'46.2"""
52,Improdutivo,8,-,,,"06°37'15.5""","35°28'41.5"""
,nan,,nan,,,"06°37'35.1""","35°28'21.3"""
,nan,,nan,,,"06°36'55.6""","35°27'27.3"""
55,Improdutivo,13,-,,,"06°37'30.9""","35°28'36.00"""
,nan,,nan,,,"06°35'50.8""","35°28'03.1"""
51,nan,19,nan,,,nan,nan
51,Seco,0,nan,,,nan,nan
47,nan,14.333333333333334,nan,,,nan,nan
40,nan,25.333333333333332,nan,,,nan,nan
60,nan,,nan,,,nan,nan
53,900,15.5,nan,,,nan,nan
52,nan,16.0,nan,,,nan,nan
60,nan,32.5,nan,,,nan,nan
52,nan,24,nan,,,nan,nan
51,seco,30,nan,,,nan,nan
51,nan,35,nan,,,nan,nan
51,nan,14,nan,,,nan,nan
52,nan,0,nan,,,nan,nan
52,nan,39,nan,,,nan,nan
37,nan,15.0,nan,,,nan,nan
51,nan,0,nan,,,nan,nan
52,nan,0,nan,,,nan,nan
52,nan,18.0,nan,,,nan,nan
52,nan,,nan,,,nan,nan
52,nan,18,nan,,,nan,nan
52,nan,14,nan,,,nan,nan
52,seco,0,nan,,,nan,nan
51,seco,0,nan,,,nan,nan
52,seco,0,nan,,,nan,nan
52,seco,12,nan,,,nan,nan
52,nan,35,nan,,,nan,nan
,nan,,nan,,,"06°53'03.3""","38°36'36.4"""
51,seco,40,-,,,"06°51'54.6""","36°25'50.7"""
,nan,,nan,,,"06°51'24.1""","38°29'46.5"""
20,nan,7,nan,,,nan,nan
40.70,9000,14.5,nan,,,"07°11'25.70""","35°21'38.50"""
49,6545,,2672.90,LABDES,55/2011,"07°06'04.3""","35°20'15.9"""
,nan,,5700,,,"07°09'32.4""","35°19'15.3"""
,nan,,nan,,,"07°10'51.7""","35°21'28.2"""
48,147,20,nan,,,"  07°10'55.5"""," 35°55'23.2"""
48,1565,20,1858.80,LABDES,333/2011,"  07°12'47.1"""," 35°52'43.8"""
80,480,11,7456,,,"  07°14'00.4"""," 35°52'00.9"""
52,seco,36,-,,,"  07°12'18.9"""," 35°59'25.1"""
30,Improdutivo,9,-,,,"  07°10'36.7"""," 35°53'59.4"""
60,200,16.5,-,,,"  07°13'33.4"""," 35°53'08.5"""
55.80,173,21.5,4200.40,LABDES,334/2012,"  07°16'47.0"""," 36°02'07.1"""
52,0  (verif),42,6697.50,LABDES,93/2011,"  07°16'18.3"""," 35°52'12.9"""
100,seco,-,-,,14/2014,"  07°13'35.3"""," 35°51'13.0"""
61,seco,-,-,,,"  07°14'01.4"""," 35°51'24.5"""
51,seco,8,-,,,"  07°17'24.3"""," 35°43'26.5"""
52,seco,-,-,,,"  07°14'18.4"""," 35°52'10.2"""
52,seco,-,-,,,"  07°13'27.2"""," 35°53'20.8"""
51,470,32.5,1479.20,,,"  07°13'08.19"""," 35°53'28.07"""
67.30,183,53,4891.20,,,"  07°12'45.8"""," 35°55'30.9"""
,nan,,nan,,," 07°13'50.62""","35°52'17.57"""
43.60,3000,34,2303.40,,,"06°40'53.3""","35°44'59.8"""
52,seco,21,-,,,"07°13'13.4""","35°52'56.3"""
,nan,,nan,,,"07°11'16.6""","35°51'43.5"""
,nan,,nan,,,"07°11'03.6""","35°51'52.3"""
51,seco,0,-,,,"07°11'01.04""","35°51'35.2"""
,nan,,nan,,,"07°12'30.40""","35°55'33.70"""
60,nan,0,nan,,,"07°12'33.10""","35°55'27.60"""
,nan,,nan,,,"07°12'30.9""","35°55'19.8"""
60,400,33.5,nan,,,"07°11'01.4""","35°51'35.2"""
,nan,,nan,,,"07°07'35.1""","38°35'12.1"""
50,nan,0,nan,,,"07°16'32.6""","35°44'42.4"""
49,5538,26,nan,,,"07°15'11.4""","35°58'49.4"""
,nan,,nan,,,"07°10'46.60""","35°59'50.00"""
,nan,,nan,,,"07°12'33.6""","35°58'46.2"""
,nan,,nan,,,"07°13'08.00""","35°56'07.90"""
60,nan,,nan,,,"07°18'21.7""","35°47'56.3"""
,nan,,nan,,,"07°17'41.70""","35°49'29.90"""
51,nan,22.333333333333332,nan,,,"07°12'57.7""","35°53'36.2"""
51,nan,0,nan,,,"07°13'13.4""","35°52'56.3"""
50,960,22.0,nan,,,"07°12'56.90""","35°52'54.00"""
,nan,,nan,,,"07°13'24.3""","35°52'33.9"""
55,nan,50,nan,,,"07°15'11.2""","35°53'40.4"""
51,300,31,nan,,,"07°14'59.50""","35°53'39.50"""
,nan,,nan,,,"07°13'09.4""","35°55'49.6"""
,nan,,nan,,,"07°13'15.4""","35°53'45.0"""
60,nan,0,nan,,,"07°12'55.0""","35°53'05.0"""
,nan,,nan,,,"07°14'14.1""","35°52'19.2"""
,nan,,nan,,,"07°14'29.9""","35°52'36.6"""
,nan,,nan,,,9.202.738.31,182.994.17
,nan,,nan,,,9.202.726.34,182.994.29
45,nan,19.5,nan,,,"07°12'50.7""","35°52'42.3"""
120,225,92,nan,,,"07°14'09.76""","35°52'00.52"""
,nan,,nan,,,"07°14'09.76""","35°52'00.52"""
52,5538,47,nan,,,"07°14'03.79""","35°51'51.75"""
51,986,,nan,,,"07°14'21.56""","35°52'50.54"""
37,nan,24.75,nan,,,"07°20'56.4""","36°05'38.3"""
52.40,585,24.5,nan,,,"07°10'09.60""","35°58'52.50"""
51.20,170,32,nan,,,"07°17'26.4""","36°02'14.3"""
51,163,36,nan,,,"07°12'59.80""","35°50'53.10"""
,nan,,nan,,,"07°15'24.8""","35°57'26.01"""
106,nan,0,nan,,,"07°12'49.2""","35°54'21.7"""
51,1333,24.333333333333332,nan,,,"07°13'42.60""","35°53'15.40"""
,nan,,nan,,,"07°12'24.3""","35°55'31.8"""
65.70  ,666,30,nan,,,"07°13'06.8""","35°53'25.7"""
34,nan,0,nan,,,"07°14'17.0""","35°51'47.6"""
100,nan,0,nan,,,"07°14'18.9""","35°52'23.1"""
50,nan,0,nan,,,"07°12'15.9""","35°52'37.9"""
,nan,,nan,,,"07°16'02.6""","35°47'32.1"""
,nan,,nan,,,"07°16'08.6""","35°47'55.1"""
,nan,,nan,,,"07°16'07.6""","35°47'44.5"""
,nan,,nan,,,"07°16'08.7""","35°47'53.5"""
,nan,,nan,,,"07°16'13.7""","35°48'00.2"""
32,nan,16.0,nan,,,"07°03'16.4""","35°36'27.8"""
52,297,11,nan,,,nan,nan
55,nan,0,nan,,,nan,nan
41,1411,,nan,,,nan,nan
90,nan,0,nan,,,nan,nan
51,nan,18,nan,,,nan,nan
58,133,,nan,,,nan,nan
48.60,626 m,31.0,nan,,,nan,nan
60,nan,12,nan,,,nan,nan
51,1058,22,nan,,,nan,nan
80,nan,0,nan,,,"07°10'24.2""","35°51'11.6"""
52,1333,33.333333333333336,nan,,,"07°15'26.2""","35°52'48.2"""
100,2250,93.0,nan,,,nan,nan
52,480,15,nan,,,nan,nan
52,1107,27,nan,,,nan,nan
40,1565,15.0,nan,,,nan,nan
45,1200,31.0,nan,,,nan,nan
32,2400,26,nan,,,nan,nan
65,288,60,nan,,,nan,nan
64,nan,0,nan,,,nan,nan
60,5538,55,nan,,,"07°15'27.1""","35°53'10.5"""
40,6000,,nan,,,nan,nan
52,nan,0,nan,,,nan,nan
55,80,0,nan,,,nan,nan
32,1800,20.5,nan,,,nan,nan
97.90 Lts/h,2482,38.333333333333336,nan,,,nan,nan
150,nan,95.0,nan,,,nan,nan
100,nan,36,nan,,,nan,nan
80,nan,23,nan,,,nan,nan
98.90  ,325,51,nan,,,nan,nan
106,130,64.5,nan,,,nan,nan
72,nan,34.0,nan,,,nan,nan
51,nan,15.5,nan,,,nan,nan
102,nan,0,nan,,,nan,nan
60,nan,45,nan,,,nan,nan
40,4800,32.0,nan,,,nan,nan
41,529,,nan,,,nan,nan
99,837,86,nan,,,nan,nan
51,400,,nan,,,nan,nan
63,66,0,nan,,,"07°10'06.50""","35°59'44.70"""
52,seco,,nan,,,"07°17'41.70""","35°49'29.90"""
51,nan,38.0,nan,,,"07°14'25.50""","35°53'52.10"""
52,1000,26.0,nan,,,nan,nan
49,3789,,601.3 mh/L,LABDES,128/2011,"07°09'29.5""","35°54'42.8"""
,nan,,10520,,,"07°15'05.2""","35°55'45.6"""
55,seco,0,-,,,"07°15'26.5""","35°55'47.3"""
49,"1,028",28.0,4855.10,LABDES,198/2010,"06°57'00.6""","36°44'03.0"""
,nan,,nan,,,"07°14'18.8""","35°51'40.9"""
,nan,,nan,,,"07°33'14.1""","35°48'46.6"""
50,2250,14.5,993.4,LABDES,149/2011,"06°55'27.6""","35°11'36.4"""
,nan,47,nan,,,"06°54'29.6""","35°11'19.8"""
51,nan,30,nan,,,"07°23'00.9""","36°06'49.0"""
50,3600,30,nan,,,"07°24'06.0""","36°05'22.0"""
50,4000,28.5,nan,,,"07°23'36.7""","36°00'13.6"""
54,seco,0,nan,,,nan,nan
52,seco,0,nan,,,nan,nan
,nan,,nan,,,"07°23'50.2""","36°00'31.5"""
,nan,,nan,,,"07°25'38.3""","36°04'41.6"""
52,Improdutivo,11,-,,,"07°23'19.2""","36°05'04.0"""
,nan,,nan,,,"07°24'20.0""","36°02'58.0"""
48.40,8000,30.333333333333332,2527.00,LABDES,399/2012,"07°23'18.3""","36°06'10.2"""
,nan,27.0,nan,,,"07°24'28.6""","38°34'47.0"""
29,867,11,nan,,,nan,nan
48.10,1403,3,13434.50,LABDES,62/2012,"07°54'12.3""","36°36'08.8"""
51,nan,15.0,nan,,,nan,nan
50,4000,23.333333333333332,nan,,,nan,nan
53,1200,40.0,nan,,,nan,nan
55,1058,20.5,nan,,,nan,nan
51,1565,27,nan,,,"07°08'21.5""","35°07'32.3"""
,nan,,nan,,,"07°10'11.6""","35°09'43.3"""
80,seco,23,-,,,"07°11'11.0""","35°08'20.4"""
,nan,,nan,,,"07°10'28.4""","35°08'48.1"""
,nan,,nan,,,"06°54'56.9""","36°19'05.4"""
,nan,,nan,,,"06°54'46.1""","36°19'10.7"""
,nan,,nan,,,"06°33'57.9""","36°11'38.5"""
,nan,,nan,,,"06°37'25.00""","36°07'43.40"""
,nan,,nan,,,"06°38'15.60""","36°07'25.50"""
50,514,30.5,12575.00,LABDES,11./2011,"06°53'15.9""","3516'06.0"""
51,4500,19.0,238.9,LABDES,44/2012,"06°54'13.1""","35°17'52.6"""
52,seco,-,-,,,"06°54'20.2""","35°17'58.6"""
51.40,1894,14.666666666666666,3449.80,LABDES,124/2013,"06°55'10.5""","35°16'38.1"""
46,207,26.0,817.8,LABDES,127/2013,"06°54'27.0""","35°16'38.6"""
51,1714,29.0,1247.00,LABDES,49/2011,"06°53'50.0""","35°30'41.0"""
,nan,18,nan,,,"06°53'22.1""","35°30'34.1"""
52,1220,30.333333333333332,1006.30,LABDES,98/2011,"06°44'20.7""","35°16'10.8"""
,nan,,nan,,,"06°43'12.8""","35°18'50.5"""
,nan,,nan,,,"06°42'55.10""","35°14'28.60"""
,nan,,nan,,,"06°39'21.3""","35°53'41.6"""
48,240,15,nan,,,nan,nan
,nan,,nan,,,"07°17'26.7""","37°08'11.4"""
,nan,,nan,,,"07°17'26.7""","37°08'11.4"""
,nan,,nan,,,"07°17'36.4""","37°02'12.2"""
51,seco,0,nan,,,nan,nan
60,nan,32.0,nan,,,nan,nan
,nan,,nan,,,"06°36'22.00""","35°37'51.40"""
,nan,,nan,,,"06°34'44.10""","35°34'00.60"""
36,240,,862.1,LABDES,08./2011,"06°34'30.4""","35°33'31.0"""
52,553,10,988.4,LABDES,52/2011,"06°42'24.8""","35°26'29.0"""
29,seco,-,-,,,"07°07'35.1""","38°35'12.1"""
80,seco,22.0,nan,,,nan,nan
,nan,,nan,,,"07°03'04.9""","35°54'09.8"""
53,seco,-,-,,,"07°01'49.6""","35°52'02.4"""
,nan,,nan,,,"07°02'52.6""","35°51'03.4"""
52,nan,12,nan,,,nan,nan
52,seco,12,-,,,"07°21'22.20""","35°46'59.60"""
,nan,12,nan,,,"07°26'04.4""","35°47'32.2"""
,nan,,nan,,,"07°21'33.8""","35°47'52.8"""
45,5142,10,nan,,,"07°33'14.1""","35°48'46.6"""
48,1945,9,nan,,,nan,nan
52,252,19,9207.40,LABDES,656/2014,"07°39'07.3""","35°50'32.2"""
,nan,,nan,,,"07°33'15.7""","35°48'09.3"""
51,nan,21.0,nan,,,nan,nan
51,nan,20.5,nan,,,nan,nan
54, ,13,nan,,,nan,nan
32,nan,,nan,,,nan,nan
24,nan,16.0,nan,,,"06°47'53.7""","35°26'56.5"""
51,seco,28,nan,,,nan,nan
51,seco,16,nan,,,nan,nan
51,nan,21,nan,,,nan,nan
48,5142,24.5,4708.50,LABDES,185/2010,"06°49'17.1""","35°26'12.6"""
44,5142,29.333333333333332,2687.10,LABDES,186/2010,"06°49'00.5""","35°25'46.1"""
55,2057,47.0,1195.60,LABDES,190/2010,"06°52'08.3""","35°29'16.3"""
,nan,,nan,,,"06°50'53.3""","35°29'22.9"""
,nan,,nan,,,"06°50'57.2""","35°28'40.5"""
50.40,1358,25,596.4,LABDES,458/2013,"06°51'37.4""","35°29'49.8"""
,nan,,nan,,,"06°50'50.8""","35°28'58.2"""
,nan,,nan,,,"06°51'32.0""","35°29'46.2"""
54,seco,39,-,,,"06°52'21.3""","35°29'58.2"""
63.70,3428,35.0,´450.2,LABDES,366/2012,"06°52'21.3""","35°29'58.2"""
,nan,,nan,,,"06°5123.5""","35°28'28.7"""
,nan,,nan,,,"06°52'35.0""","35°28'36.9"""
53,4800,26,3689.70,LABDES,342/2013,"06°52'15.5""","35°29'58.1"""
,nan,,nan,,,"06°53'40.0""","35°27'52.3"""
,nan,,nan,,,"06°52'02.3""","35°26'58.7"""
53,seco,-,-,,,"06°50'51.0""","35°28'56.1"""
,nan,,nan,,,"06°53'13.10""","35°28'10.90"""
,nan,,nan,,,"06°53'12.3""","35°30'33.7"""
48.40,900,23.0,470.9,LABDES,379/2012,"06°53'01.6""","35°30'25.8"""
,nan,,nan,,,"06°48'56.1""","35°25'49.8"""
,nan,,nan,,,"06°55'09.3""","35°27'54.8"""
32,1028,,nan,,,nan,nan
29,3789,0,nan,,,nan,nan
51,seco,12,nan,,,nan,nan
51,seco,0,nan,,,nan,nan
,nan,,nan,,,"07°10'34.1""","35°22'54.0"""
,nan,,nan,,,"07°11'23.8""","35°25'10.3"""
,nan,,nan,,,"07°10'14.30""","35°21'39.70"""
51,Improdutivo,12,-,,,"07°06'20.90""","35°28'01.00"""
,nan,,nan,,,"07°19'21.60""","35°17'05.30"""
,nan,,nan,,,"07°10'34.6""","35°23'02.0"""
,nan,,nan,,,"07°10'39.1""","35°23'26.2"""
,nan,,nan,,,"07°10'33.6""","35°22'51.3"""
,nan,,nan,,,"07°14'25.4""","35°36'54.1"""
39,10285,13.0,1260.10,LABDES,965/2015,"07°18'34.70""","35°35'46.70"""
51.60,7200,25.333333333333332,2935.10,LABDES,757/2015,"07°15'21.20""","35°36'02.50"""
80,seco,0,nan,,,"07°13'05.9""","35°35'41.6"""
41,9000,17,3242.20,LABDES,958/2015,outro nome,outro nome
63.40,1074 m,41.0,5929.40,LABDES,249/2012,"07°14'25.4""","35°36'54.1"""
20,seco,-,-,,,"07°13'28.5""","35°34'04.5"""
53.20,600,12,6175.90,LABDES,424/2014,"07°12'07.2""","35°35'53.9"""
,nan,,nan,,,"07°11'30.00""","35°38'32.80"""
52.80,1636,16.666666666666668,2099.70,LABDES,72/2014,"07°17'45.4""","35°35'59.4"""
51,nan,26.25,nan,,,"07°19'32.9""","35°25'42.5"""
51,6000,31.0,nan,,,nan,nan
52,seco,0,-,,,"07°19'21.60""","35°17'05.30"""
52,nan,33.0,nan,,,"07°18'35.60""","35°20""37.00"""
52,nan,,nan,,,"07°19'24.80""","35°18'06.10"""
,nan,,nan,,,"07°18'53.1""","35°17'59.4"""
59,321,40.5,6078.90,LABDES,131/2012,"07°18'41.5""","35°20'24.1"""
,nan,,nan,,,"07°18'46.0""","35°23'24.4"""
,nan,,nan,,,"07°18'24.9""","35°23'36.3"""
,nan,32.0,nan,,,"07°18'35.60""","35°20'37.00"""
,nan,,nan,,,"07°22'42.8""","35°20'42.8"""
52,0,0,-,,,"07°19'21.60""","35°17'05.30"""
,nan,,nan,,,"07°20'24.80""","35°22'53.60"""
,nan,,nan,,,"07°19'33.00""","35°19'31.6"""
,nan,,nan,,,"07°19'24.80""","35°18'06.10"""
,nan,,nan,,,"07°18'23.0""","35°24'19.0"""
58,nan,,1431.70,LABDES,01./2013,"07°27'07.3""","35°10'23.3"""
,nan,,nan,,,"07°23'08.0""","35°12'54.9"""
59,seco,0,-,,,"06°46'10.9""","35°16'41.8"""
51,654,27.5,571,,,"06°50'10.9""","35°15'22.2"""
52.1,911,,2212.40,LABDES,420/2013,"06°48'55.6""","35°12'44.6"""
50,734,22.5,253.8,LABDES,100/2012,"06°50'10.9""","35°15'22.2"""
46.7,5538,17.666666666666668,282.2,LABDES,709/2014,"06°50'19.7""","35°14'54.8"""
20.6,6000,15.0,2937.90,LABDES,10./2012,"07°24'06.6""","35°38'04.6"""
,nan,,nan,,,"06°35'37.1""","35°16'41.6"""
,nan,,nan,,,"06°37'26.7""","35°18'46.5"""
51,seco,0,nan,,,nan,nan
46.6,1894,,3296.80,LABDES,58/2011,"07°07'03.6""","35°31'09.5"""
49.1,2880,,1981.30,LABDES,473/2013,"07°10'51.9""","35°34'52.3"""
49.2,1309,19.0,1344.10,LABDES,15/2014,"07°08'41.5""","35°08'41.5"""
,nan,,nan,,,"07°02'26.8""","36°31'47.6"""
,nan,,nan,,,"07°03'53.5""","36°38'49.8"""
,nan,,nan,,,"07°02'24.0""","36°36'24.0"""
52,1028,,nan,,,"07°01'37.4""","36°33'33.9"""
51.6,74,,nan,,,"06°56'32.6""","36°48'11.6"""
,nan,,nan,,,"06°59'21.3""","36°43'01.3"""
62.3,4500,,1300.70,LABDES,457/2013,"06°58'36.5""","36°41'27.2"""
44,nan,18,nan,,,"07°22'12.60""","35°15'02.30"""
,nan,,nan,,,"07°22'43.04""","35°11'04.4"""
,nan,18,nan,,,"07°22'12.60""","35°15'02.30"""
52,253,37,nan,,,"06°39'27.7""","35°19'57.5"""
51,seco,14,nan,,,"06°40'02.6""","35°21'25.4"""
46.70,960 m,31.5,400,,,"06°39'58.2""","35°20'49.5"""
51.80,8000,28.333333333333332,1391.10,LABDES,257/2014,"06°40'00.3""","35°20'02.1"""
,nan,,nan,,,"06°39'00.4""","35°21'45.8"""
,nan,,nan,,,"06°39'11.2""","35°21'09.3"""
52,256,37,nan,,,"07°02'52.6""","35°51'03.4"""
,nan,,nan,,,"07°04'59.0""","35°51'45.4"""
48.20,365,13,509.3,LABDES,326/2013,"07°04'54.9""","35°48'58.2"""
,nan,,nan,,,"07°04'15.5""","35°49'31.6"""
,nan,,nan,,,"07°06'58.5""","35°51'31.0"""
100,600,90,nan,,,nan,nan
53,600,18.0,nan,,,"07°08'34.10""","35°54'41.50"""
63,3130,57.0,nan,,,nan,nan
52,nan,0,nan,,,nan,nan
41,seco,0,nan,,,"07°06'54.2""","35°54'59.1"""
100,Improdutivo,56,-,,,nan,nan
52,seco,0,nan,,,"07°08'45.3""","35°54'43.7"""
52,271,16,nan,,,nan,nan
52,nan,9,nan,,,nan,nan
60,seco,0,nan,,,nan,nan
52,seco,0,nan,,,nan,nan
70,514,,nan,,,nan,nan
51,194,10,nan,,,nan,nan
94,360,82,nan,,,nan,nan
100,nan,46.0,nan,,,nan,nan
72,nan,19,nan,,,nan,nan
52,8000,47,nan,,,nan,nan
100,200,30.333333333333332,nan,,,nan,nan
40,nan,0,nan,,,nan,nan
50,774,32.5,nan,,,nan,nan
58,seco,0,-,,,"07°09'02.3""","35°52'10.0"""
33,6545,16.5,832.3,,,"07°09'10.8""","35°53'22.9"""
49,1384,33.0,2572.90,,,"07°08'04.2""","35°54'21.0"""
,nan,,nan,,,"07°10'43.8""","35°50'25.3"""
,nan,,nan,,,"07°09'40.1""","35°52'37.6"""
,nan,,nan,,,"07°08'45.1""","35°54'56.3"""
,nan,,nan,,,"07°10'24.6""","35°54'02.4"""
44,1241,13,576.5,,,"07°07'48.0""","35°50'44.9"""
,nan,,nan,,,"07°08'44.8""","35°51'55.6"""
,nan,,nan,,,"07°08'53.6""","35°53'31.5"""
52,seco,29,-,,,"07°08'44.4""","35°49'49.5"""
,nan,,nan,,,"07°08'20.8""","35°50'16.1"""
49,109,21,207.9,LABDES,94/2011,"07°08'40.2""","35°50'55.5"""
51.20,402,21.0,559.3,LABDES,183/2012,"07°09'42.3""","35°51'29.8"""
50.20,325,42,1076.10,,,"07°09'08.9""","35°54'58.8"""
,nan,,nan,,,"07°09'06.6""","35°51'33.4"""
,nan,23.333333333333332,nan,,,"07°08'38.4""","35°53'28.7"""
52,seco,-,-,,,"07°09'21.6""","35°53'13.6"""
50.60,590,15,735.5,LABDES,370/2012,"07°08'13.9""","35°54'39.0"""
,nan,,nan,,,"07°08'57.1""","35°51'01.0"""
53.40,2322,28.666666666666668,2368.30,LABDES,524/2014,"07°09'27.3""","35°48'27.8"""
55,seco,-,-,,,"07°07'35.0""","35°53'48.0"""
37,seco,-,-,,,"07°09'05.8""","35°50'02.9"""
50.40,558,18.5,268.6,LABDES,102/2013,"07°10'06.4""","35°50'47.7"""
,nan,,nan,,,"07°07'40.9""","35°53'28.5"""
,nan,30,nan,,,"07°09'06.8""","35°54'00.3"""
56,Improdutivo,31.5,-,,,"07°09'20.7""","35°54'13.6"""
51,409,43.0,1423.10,LABDES,11./2012,"07°07'29.5""","35°51'55.7"""
,nan,,nan,,,"07°07'25.0""","35°53'07.1"""
30.40,553,,411,LABDES,200/2011,"07°08'40.2""","35°50'55.5"""
,nan,,nan,,,"07°09'32.9""","35°54'42.0"""
,nan,,nan,,,"07°11'09.83""","35°51'38.51"""
,nan,12,nan,,,"07°09'30.5""",35°51'06.7
53,600,16.666666666666668,309.9,LABDES,822/2015,"07°08'34.10""","35°54'41.50"""
,nan,,nan,,,"07°11'00.9""","35°51'44.6"""
,nan,,nan,,,"07°11'40.17""","35°51'56.32"""
,nan,,nan,,,"07°10'36.6""","35°52'11.8"""
,nan,,nan,,,"07°08'12.40""","35°50'12.80"""
,nan,,nan,,,"07°10'09.50""","35°51'33.4"""
,nan,,nan,,,"07°09'42.80""","35°51'16.20"""
,nan,,nan,,,"07°09'41.8""","35°51'27.0"""
56,240,22.5,663. 2,LABDES,131/2011,"07°09'45.5""","35°52'42.5"""
50.30,227,,446,LABDES,402/2013,"07°10'28.1""","35°52'09.0"""
57.8,1107,27.333333333333332,529.2,LABDES,12./2012,"07°09'08.0""","35°53'28.8"""
,nan,13,nan,,,"07°08'25.0""","35°54'17.1"""
,nan,,nan,,,"07°07'48.0""","35°54'26.1"""
52.3,2000,,155.6,LABDES,118/2014,"07°09'57.5""","35°51'19.0"""
,nan,,nan,,,"07°09'55.20""","35°51'25.60"""
,nan,,nan,,,"07°10'24.2""","35°51'11.6"""
52.5,972,32.5,735.3,LABDES,640/2013,"07°08'11.1""","35°47'44.4"""
,nan,,nan,,,"07°07'39.3""","35°55'27.3"""
,nan,,nan,,,"07°06'54.2""","35°54'59.1"""
,nan,,nan,,,"07°08'35.4""","35°48'25.8"""
50.1,260,18,403.9,LABDES,343/2013,"07°09'03.3""","35°51'09.8"""
,nan,seco,nan,,,"07°07'27.7""","35°49'45.4"""
,nan,,nan,,,nan,nan
53.5,7200,,3965.80,LABDES,356/2014,"07°09'38.1""","35°48'44.4"""
,nan,,nan,,,"07°08'06.40""","35°51'55.10"""
45,2250,23.5,345.3,LABDES,109/2012,"07°08'39.6""","35°51'55.4"""
48.5,1945,15.5,266.2,LABDES,643/2013,"07°09'10.0""","35°51'46.8"""
,nan,,nan,,,"07°09'13.0""","35°51'53.4"""
,nan,32.333333333333336,nan,,,"07°09'11.2""","35°51'50.0"""
,nan,,nan,,,"07°07'01.8""","35°50'53.1"""
49,757,12,463.2,LABDES,132/2011,"07°09'4.6""","35°49'46.4"""
,nan,32,nan,,,"07°09'59.5""","35°50'22.3"""
,nan,,nan,,,"07°10'23.6""","35°49'54.9"""
52,271,16,699.9,LABDES,425/2015,"07°08'36.7""","35°55'10.8"""
,nan,,nan,,,"07°09'37.5""","35°51'11.6"""
,nan,,nan,,,"07°09'11.7""","35°54'25.3"""
,nan,,nan,,,"07°10'45.9""","35°51'55.7"""
,nan,,nan,,,"07°09'10.1""","36°49'28.1"""
,nan,23,nan,,,"07°09'28.0""","35°54'03.9"""
41,288,29,1089,LABDES,20/2011,"07°08'31.2""","35°50'33.6"""
,nan,,nan,,,"07°08'52.7""","35°51'57.9"""
49,1107,18,397.9,LABDES,65/2011,"07°09'21.7""","35°54'07.5"""
,nan,,nan,,,"07°10'17.3""","35°51'45.6"""
39,6000,22,4853.40,LABDES,317/2011,"07°22'20.7""","36°56'43.8"""
51,2250,18.5,1932.80,LABDES,266/2012,"07°18'18.6""","36°57'21.5"""
40.6,1028,,nan,,,"07°19'50.8""","36°54'35.5"""
40,960,15.0,16398.40,LABDES,139/2012,"07°20'32.9""","36°51'11.8"""
38,800,,3207.60,LABDES,315/2011,"07°22'35.7""","36°57'36.7"""
,nan,,nan,,,"07°21'14.9""","36°55'14.4"""
,nan,,nan,,,"07°20'53.0""","36°51'22.8"""
52,seco,-,-,,,"07°19'48.7""","36°59'00.9"""
52,seco,-,-,,,"07°22'34.2""","36°58'47.7"""
44.10,423,22,2683.10,LABDES,256/2011,"07°22'27.4""","36°57'26.8"""
52,seco,-,-,,,"07°22'43.8""","36°58'37.6"""
49,seco,-,-,,,"07°21'32.0""","36°54'17.7"""
50,seco,-,-,,,"07°19'04.4""","36°53'29.5"""
,nan,,nan,,,"07°23'04.8""","37°00'26.8"""
52,seco,-,-,,,"07°15'29.2""","37°25'35.4"""
,nan,14.0,nan,,,"06°54'36.2""","37°32'41.9"""
51,nan,,nan,,,"06°41'27.60""","35°13'03.20"""
51,nan,18.0,nan,,,"06°41'13.06""","35°13'08.00"""
,nan,,nan,,,"06°50'14.4""","35°09'33.5"""
,nan,61.5,nan,,,"07°04'27.3""","35°17'57.6"""
60,nan,9,nan,,,"06°58'31.7""","35°18'08.6"""
66,900,47.5,500.2,,,"07°00'45.1""","35°21'14.4"""
,nan,,nan,,,"06°57'55.6""","35°15'45.2"""
51.30,1107,23.0,1125,,,"06°58'22.6""","35°16'49.4"""
52,seco,-,-,,,"07°01'04.8""","35°17'31.4"""
100,nan,68,nan,,,nan,nan
51,nan,13,nan,,,"07°09'22.30""","35°42'14.60"""
59,seco,-,-,,,"07°11'22.7""","35°44'36.1"""
,nan,,nan,,,"07°11'40.4""","35°49'55.9"""
,nan,,nan,,,"07°14'53.80""","35°49'10.20"""
28,seco,-,-,,,"07°15'15.0""","35°42'47.3"""
,nan,,nan,,,"07°14'59.5""","35°43'43.7"""
52,seco,0,nan,,,"07°06'43.7""","35°48'05.2"""
53,seco,0,-,,,"07°06'50.9""","35°47'23.9"""
52,seco,-,-,,,"07°07'16.9""","35°49'23.7"""
52,seco,-,-,,,"07°07'43.2""","35°48'05.1"""
55,nan,40,nan,,,"07°21'54.70""","35°32'15.30"""
60,nan,0,nan,,,nan,nan
51.30  ,2880,31.5,nan,,,"07°23'05.9""","35°31'36.9"""
37,4500,20.333333333333332,nan,,,nan,nan
51.20,110,,nan,,,nan,nan
50,600,,nan,,,nan,nan
48,4800,16.666666666666668,nan,,,nan,nan
49.10,301,23,1924.50,LABDES,459/2013,"07°14'37.7""","35°28'33.1"""
51.40,1384,20,2248.90,LABDES,225/2012,"07°17'41.1""","35°30'18.8"""
51,857,18.0,1991.60,LABDES,170/2012,"07°16'26.0""","35°27'39.4"""
,nan,,nan,,,"07°17'55.5""","35°27'59.6"""
51.40,63,42,1897.70,LABDES,126/2013,"07°20'28.5""","35°30'40.8"""
52,seco,12,-,,,"07°17'48.0""","35°31'25.5"""
52,nan,32.0,nan,,,nan,nan
52,nan,15.0,nan,,,nan,nan
52,seco,43,nan,,,nan,nan
52,seco,11,nan,,,nan,nan
,nan,,nan,,,"07°55'20.7""","37°04'48.0"""
49.20,7200,,1190.90,LABDES,463/2013,"07°52'24.4""","36°58'10.6"""
49.30,1220,17,884.1,LABDES,464/2013,"07°52'31.3""","37°01'16.5"""
,nan,,nan,,,"07°52'18.6""","37°02'27.5"""
,nan,,nan,,,"07°51'12.6""","37°02'59.5"""
52,seco,0,nan,,,nan,nan
40,4500,18.5,nan,,,nan,nan
51,1028,15,nan,,,nan,nan
51,9000,15.0,nan,,,"07°01'40.9""","35°27'13.3"""
50,seco,-,-,,,"07°01'43.9""","35°25'54.7"""
48,2250,,8903.50,LABDES,53/2011,"07°01'19.8""","35°27'28.9"""
53.3,342,29,1100.80,LABDES,478/2014,"07°03'03.4""","35°28'28.7"""
51,400,20.0,7911.10,LABDES,294/2011,"07°01'24.0""","35°29'26.9"""
31,900,,3733,LABDES,61/2011,"06°58'53.9""","35°19'48.7"""
,nan,,nan,,,"07°28'54.8""","36°06'18.5"""
50,nan,20.0,nan,,,nan,nan
,nan,,nan,,,"07°19'11.0""","35°37'31.7"""
,nan,,nan,,,"07°07'02.2""","37°04'21.4"""
49,4800,,557.9,,,"06°57'51.5""","37°20'54.2"""
,nan,,nan,,,"07°03'35.5""","37°17'38.2"""
,nan,,nan,,,"06°57'33.0""","37°23'08.0"""
,nan,,nan,,,"07°03'40.7""","37°17'23.8"""
,nan,,nan,,,06°57'20.7,"37°13'38.4"""
,nan,10,nan,,,"07°02'22.5""","37°16'51.4"""
47.4,4000,,745.4,LABDES,312/2012,"06°58'34.7""","37°23'02.4"""
53,1142,26.0,5767.90,LABDES,498/2013,"07°02'51.3""","37°16'52.4"""
,nan,,nan,,,"07°02'28.6""","37°16'40.5"""
51,395,29,nan,,,nan,nan
,nan,,nan,,,"06°39'21.0""","35°17'49.8"""
,nan,,nan,,,"06°38'59.7""","35°16'36.40"""
,nan,,nan,,,"07°14'50.8""","38°02'51.0"""
,nan,,nan,,,"07°13'12.6""",37°55'52.
,nan,,nan,,,"06°29'52.7""","36°14'34.6"""
49.1,7200,,3169.30,LABDES,520/2013,"06°41'15.4""","36°18'24.1"""
,nan,,nan,,,"06°25'46.8""","36°16'33.3"""
51,600,24,638.4,,,"07°25'46.8""","36°17'19.9"""
51,nan,19.666666666666668,nan,,,nan,nan
,nan,,nan,,,"07°18'56.0""","35°15'48.1"""
50.50,6000,23.0,nan,,,"06°53'05.8""","35°38'29.0"""
,nan,Seco,nan,,,"06°52'19.1""","35°36'16.2"""
,nan,,nan,,,"06°51'58.5""","35°36'31.9"""
48,600,20.5,449.6,LABDES,522/2013,"06°52'33.4""","35°37'21.7"""
44,nan,0,nan,,,nan,nan
51,1945,,nan,,,nan,nan
38,nan,17.333333333333332,nan,,,nan,nan
51,4235,,nan,,,nan,nan
40,2322,13,nan,,,"06°50'44.4""","35°32'08.3"""
51,4235,,277,LABDES,44/2015,"06°50'46.3""","35°34'41.6"""
,nan,,nan,,,"06°57'41.4""","35°31'44.9"""
53,3428,21.0,370.9,LABDES,44/2014,"06°49'57.5""","35°31'19.6"""
,nan,,nan,,,"06°50'48.7""","35°33'17.6"""
,nan,,nan,,,"06°50'46.3""","35°32'32.2"""
,nan,,nan,,,"06°50'32.0""","35°31'48.3"""
,nan,,nan,,,"06°50'00.4""","35°30'49.7"""
58,nan,10,nan,,,nan,nan
59,1309,42,nan,,,nan,nan
40,116,16.333333333333332,nan,,,nan,nan
91,seco,0,nan,,,nan,nan
52.30,4000,28.5,nan,,,nan,nan
37.70,7200,22.5,nan,,,nan,nan
51.7,1200,25.0,nan,,,"06°45'29.6""","35°30'33.6"""
,nan,,nan,,,"06°48'08.1""","35°27'39.7"""
52.60,2000,34.0,2047.10,LABDES,711/2014,"06°46'36.2""","35°28'45.2"""
59.70,4800,48,1444.40,LABDES,714/2014,"06°47'29.4""","35°26'36.5"""
,nan,,nan,,,"06°46'54.1""","35°25'40.2"""
,nan,,nan,,,"06°47'00.1""","35°27'07.7"""
,nan,,nan,,,"06°47'57.3""","35°33'39.3"""
56,nan,43,nan,,,nan,nan
53,1161,34.5,nan,,,nan,nan
60,seco,-,-,,,"07°04'37.1""","36°03'44.7"""
,nan,,nan,,,"07°08'18.7""","36°03'35.3"""
49,545,18,1664.00,LABDES,09./2011,"07°08'34.4""","36°01'36.4"""
58.60,1074,,1127.20,LABDES,243/2013,"07°04'42.4""","36°03'39.2"""
55,seco,-,-,,,"07°06'34.4""","36°01'18.8"""
52.60,742,27.0,3200.00,,,"07°10'09.9""","36°03'32.5"""
,nan,,nan,,,"06°58'31.6""","36°10'06.3"""
60,seco,-,-,,,"07°09'46.4""","36°03'23.2"""
,nan,,nan,,,"07°10'46.60""","35°59'50.00"""
51.40,88,8,9305.90,LABDES,04./2014,"07°04'56.6""","36°02'51.8"""
97.50,720,62,12578.40,LABDES,486/2014,"07°00'22.5""","36°02'51.4"""
52,seco,20,-,,,"07°05'43.7""","36°02'46.9"""
,nan,,nan,,,"07°06'00.7""","36°04'36.4"""
,nan,,nan,,,"07°05'07.4""","35°59'19.6"""
48.70,3272,,5467.30,LABDES,322/2013,"07°03'56.8""","36°06'18.5"""
52,nan,13,nan,,,nan,nan
,nan,,nan,,,"06°46'16.8""","37°47'58.3"""
,nan,,nan,,,"07°43'08.4""","37°05'41.6"""
50,400,,1479.70,LABDES,318/2011,"07°07'35.1""","38°35'12.1"""
60,seco,0,nan,,,nan,nan
52,986,35.0,nan,,,nan,nan
51,2400,24.0,nan,,,nan,nan
58,nan,0,nan,,,nan,nan
49.50,nan,0,nan,,,nan,nan
55,seco,-,-,,,"07°09'48.0""","35°56'21.5"""
,nan,,nan,,,"07°07'13.0""","35°58'00.0"""
52,seco,-,-,,,"07°08'17.0""","35°59'33.9"""
51,seco,-,-,,,"07°08'44.1""","35°59'28.2"""
51,seco,-,-,,,"07°07'50.3""","35°57'01.1"""
,nan,,nan,,,"07°07'26.9""","35°58'01.1"""
48.70,80,27,-,,,"07°09'26.8""","35°55'49.5"""
52,seco,-,-,,,"07°09'00.2""","35°56'06.9"""
52,seco,-,-,,,"07°09'03.4""","35°58'16.6"""
,nan,,nan,,,"07°08'17.0""","35°59'33.9"""
52,seco,-,-,,,"07°08'56.0""","35°55'39.1"""
53,95,13,-,,,"07°08'40.7""","35°55'31.6"""
,nan,,nan,,,"07°11'02.2""","35°55'42.9"""
41.30,10285,15.666666666666666,nan,,,nan,nan
52,nan,0,nan,,,"07°20'18.80""","35°54'16.40"""
32,553,18,nan,,,nan,nan
59,553,10,nan,,,nan,nan
51,935,33,nan,,,"07°26'51.20""","35°53'20.30"""
41.35,2250,16.5,nan,,,nan,nan
54,seco,0,-,,,"07°22'08.10""","35°52'24.10"""
,nan,,nan,,,"07°24'33.1""","35°49'51.4"""
52,seco,-,-,,,"07°29'23.0""","35°50'46.8"""
48.70,2057,31.5,2329.10,LABDES,294/2012,"07°22'38.2""","35°53'53.4"""
54,seco,-,-,,,"07°22'08.10""","35°52'24.10"""
,nan,,nan,,,"07°18'11.6""","35°53'26.9"""
50,seco,12,-,,,"07°22'43.5""","35°51'51.9"""
40,10285,15.666666666666666,nan,,,"07°28'52.80""","35°54'57.60"""
,nan,,nan,,,"07°21'42.8""","35°56'16.2"""
,nan,,nan,,,"07°20'29.3""","35°54'42.8"""
,nan,,nan,,,"07°23'34.8""","35°53'55.0"""
50,935,33,3464,LABDES,786/2015,"07°26'51.2""","35°53'20.3"""
,nan,,nan,,,"07°20'18.8""","35°54'16.4"""
32,553,,667.1,LABDES,847/2015,"07°19'22.4""","35°53'03.1"""
51.5,480,15.5,3402,,,"07°03'10.7""","37°11'58.0"""
51,514,,nan,,,"07°00'25.50""","35°47'05.10"""
,nan,,nan,,,"06°58'57.8""","35°48'31.3"""
,nan,,nan,,,"06°59'21.2""","35°46'46.1"""
,nan,,nan,,,"06°56'19.0""","35°50'30.8"""
51,514,,nan,,,"07°00'25.5""","35°47'05.1"""
,nan,40,nan,,,"06°53'34.9""","35°53'12.9"""
50,nan,0,nan,,,nan,nan
51,nan,,nan,,,nan,nan
,nan,,nan,,,"07°04'19.5""","35°56'59.9"""
,nan,,nan,,,"06°32'10.2""","35°39'02.2"""
,nan,,nan,,,"07°13'45.6""","35°40'20.0"""
51.4,12000,21.333333333333332,180.3,LABDES,43/2012,"07°09'38.8""","35°15'24.0"""
40.3,1142,13.333333333333334,1220.90,LABDES,172/2012,"07°09'45.8""","35°18'52.36"""
30,18000,19.5,1312.10,LABDES,324/2011,"07°08'35.4""","35°16'41.6"""
,nan,,nan,,,"07°09'28.1""","35°16'42.7"""
32.5,12000,25.0,831.3,LABDES,547/2014,"07°08'42.3""","35°15'48.5"""
,nan,,nan,,,"07°10'28.2""","35°16'43.5"""
,nan,,nan,,,"07°09'25.2""","35°16'19.9"""
,nan,,nan,,,"07°10'38.1""","35°17'35.2"""
,nan,,nan,,,"07°10'46.1""","35°17'03.7"""
56.60  ,2400,37.5,nan,,,nan,nan
51,nan,22.0,nan,,,nan,nan
760.80,2482,52.5,nan,,,nan,nan
52.40  ,1714,37.75,nan,,,nan,nan
60,nan,52,nan,,,nan,nan
54.80  ,4235,34.0,nan,,,nan,nan
54,nan,0,nan,,,nan,nan
70,seco,0,nan,,,nan,nan
51,12000,14.0,nan,,,nan,nan
51,1411,31.5,nan,,,nan,nan
60,2181,34.5,nan,,,nan,nan
51,4800,29.5,nan,,,nan,nan
80,nan,59,nan,,,nan,nan
53,2000,21.5,nan,,,nan,nan
52,1894,37.0,nan,,,nan,nan
59,nan,36.333333333333336,nan,,,nan,nan
53,6000,25.0,nan,,,nan,nan
63,1125,40.5,nan,,,nan,nan
53,7200,31.5,nan,,,nan,nan
51.40,637,22.0,1876.60,LABDES,125/2013,"07°09'23.4""","35°18'16.0"""
63,1107,50.5,771.8,LABDES,276/2012,"07°04'08.7""","36°47'07.4"""
56,10285,21.0,nan,,,nan,nan
58,seco,9,nan,,,nan,nan
56,10285,21.0,2323.90,LABDES,964/2015,07°22'47.6,"35°30'59.5"""
48,4235,18.666666666666668,nan,,,"07°26'07.0""","35°32'39.3"""
,nan,,nan,,,"07°41'29.9""","35°57'34.4"""
,nan,,nan,,,"07°43'33.5""","36°52'43.2"""
,nan,,nan,,,"06°57'54.8""","36°50'18.5"""
43,303,Lipeza,495,LABDES,439/2013,"07°01'49.3""","36°52'57.2"""
51,1894,10,4048.70,LABDES,315/2012,"06°50'39.5""","36°56'51.4"""
51,757,,566.5,LABDES,21/2011,"07°03'50.6""","37°26'08.1"""
,nan,,nan,,,"07°00'02.1""","37°28'17.2"""
51.2,450,27,474,LABDES,273/2012,"07°19'17.1""","37°56'51.6"""
51.2,409,12,1000.70,LABDES,188/2013,"06°56'10.0""","37°42'58.9"""
,nan,,nan,,,"06°54'45.6""","37°44'29.1"""
,nan,,nan,,,"06°50'09.4""","37°43'24.1"""
,nan,,nan,,,"06°54'45.6""","37°44'29.1"""
51.2,14400,18,521.4,LABDES,220/2012,"06°47'16.9""","37°56'46.4"""
58.6,10285,17.5,482.9,LABDES,219/2012,"06°47'22.3""","37°56'37.1"""
,nan,,nan,,,"07°22'16.8""","35°31'52.2"""
,nan,,nan,,,"06°46'10.6""","37°26'49.4"""
,nan,,nan,,,"06°47'40.8""","37°27'16.0"""
,nan,,nan,,,"06°44'56.5""","37°24'25.5"""
,nan,,nan,,,"06°53'46.6""","37°29'06.3"""
51,nan,30,nan,,,nan,nan
51,nan,31.0,nan,,,nan,nan
51,nan,40,nan,,,nan,nan
,nan,,nan,,,"07°06'54.5""","38°30'18.3"""
,nan,,nan,,,"07°08'48.4""","38°39'19.4"""
,nan,,nan,,,"07°08'48.4""","38°39'19.4"""
,nan,,nan,,,"07°07'17.9""","38°27'49.8"""
51,seco,-,-,,,"07°07'05.8""","38°33'44.8"""
,nan,,nan,,,"07°07'35.1""","38°35'12.1"""
60,Improdutivo,13,-,,,"07°03'41.7""","38°35'24.3"""
51,seco,15,-,,,"07°02'42.8""","38°36'25.6"""
50.70,411,13,970.5,LABDES,215/2012,"07°09'58.8""","37°19'45.3"""
,nan,,nan,,,"07°09'56.8""","37°20'00.2"""
50,seco,12,-,,,"07°09'59.4""","37°20'20.8"""
65,seco,13,-,,,"07°10'23.2""","37°20'11.1"""
51.70,2769,20.0,1234.30,LABDES,221/2012,"07°11'47.7""","37°21'12.4"""
51.70,1014,12,592.3,LABDES,217/2012,"07°10'44.2""","37°21'12.9"""
51.40,1894,,2818.50,,,"07°04'24.2""","37°18'45.6"""
52,nan,34.5,nan,,,nan,nan
51,406,18,nan,,,"07°28'05.4""","36°55'58.7"""
40.13,537,29,nan,,,"07°28'04.4""","36°55'55.3"""
,nan,,nan,,,"07°25'56.0""","36°44'36.3"""
,nan,,nan,,,"07°12'11.2""","35°09'31.8"""
,nan,,nan,,,"07°15'08.8""","35°12'13.5"""
,nan,,nan,,,"07°13'13.1""","35°12'23.4"""
53,2666,,1005.60,LABDES,114/2014,"07°13'40.4""","35°11'34.1"""
50.70,318,8,587.5,LABDES,120/2014,"07°13'40.4""","35°11'34.1"""
52,seco,-,-,,,"07°04'42.8""","35°51'18.9"""
54,3130,32.5,nan,,,nan,nan
67,outro nome,52.5,nan,,,nan,nan
62,seco,40,nan,,,nan,nan
52,1000,41.0,nan,,,nan,nan
33,seco,-,-,,,"07°07'02.5""","35°09'31.6"""
50,10285,19.5,638.5,LABDES,109/2011,"07°07'12.8""","35°13'22.5"""
,nan,,nan,,,"07°04'27.3""","35°17'57.6"""
55,10285,27.0,572.7,LABDES,293/2011,"07°02'30.6""","35°12'58.4"""
,nan,,nan,,,"07°02'55.0""","35°11'56.8"""
,nan,,nan,,,"07°09'30.7""","35°11'20.1"""
72.10,400,52.5,182.3,LABDES,373/2012,"07°09'08.2""","35°11'10.5"""
,nan,,nan,,,"07°07'20.1""","35°16'22.9"""
36,Improdutivo,30,-,,,"07°00'43.5""","35°14'55.3"""
,nan,,nan,,,"07°08'50.6""","35°12'36.8"""
60,seco,-,-,,,"07°02'55.1""","35°11'56.6"""
60,1531,37.0,148.6,LABDES,145/2011,"07°02'57.1""","35°11'57.5"""
,nan,,nan,,,"07°07'35.3""","35°08'51.6"""
,nan,,nan,,,"07°09'30.7""","35°11'20.1"""
,nan,,nan,,,"07°04'44.9""","35°08'56.7"""
51,nan,,nan,,,nan,nan
51,4000,27,nan,,,nan,nan
40,10285,,nan,,,nan,nan
50,seco,17,-,,,"07°35'34.8""","36°45'58.0"""
32.40,960,,3468.10,LABDES,105/2012,"07°34'30.2""","36°48'36.8"""
,nan,,nan,,,"06°41'25.80""","35°26'02.80"""
,nan,,nan,,,"06°41'25.80""","35°26'02.80"""
52,seco,-,-,,,"06°42'37.4""","35°26'48.1"""
55,128,0,nan,,,"07°10'52.4""","35°42'15.8"""
72,seco,0,nan,,,"07°09'47.0""","35°41'39.1"""
61,1674,50,nan,,,nan,nan
50,seco,-,-,,,"07°10'27.5""","35°39'38.4"""
53,1565,29.333333333333332,nan,,,nan,nan
53,2250,23.5,nan,,,nan,nan
53.60,867,23,577.1,LABDES,388/2014,"06°51'56.1""","35°40'29.2"""
58,nan,34.0,nan,,,nan,nan
56,nan,23.5,nan,,,nan,nan
55,1333,35.0,nan,,,nan,nan
51.30  ,4235,30.0,nan,,,nan,nan
49,4800,33.25,nan,,,nan,nan
51,1384,27.0,nan,,,nan,nan
55,2571  Obs,36.5,nan,,,nan,nan
55,nan,39.0,nan,,,nan,nan
55,533,33.0,nan,,,nan,nan
53,7200,28.0,nan,,,nan,nan
66,nan,31,nan,,,nan,nan
51,nan,19.0,nan,,,nan,nan
52.40,5142,31.0,nan,,,nan,nan
44,9000,33.0,nan,,,nan,nan
52,911,38.333333333333336,nan,,,nan,nan
53,3000,37.333333333333336,nan,,,nan,nan
56,156 Lts /h,43,nan,,,"07°10'37.10""","35°11'39.30"""
33.80,6545,29.5,354.5,LABDES,147/2011,"07°10'39.7""","35°13'49.8"""
44.40,9000,23.5,438,LABDES,363/2012,"07°10'31.1""","35°13'35.9"""
51,8000,36.5,438,LABDES,322/2011,07°10'11.3,"35°13'31.1"""
56,156,43,-,,,"07°10'37.10""","35°11'39.30"""
29.80,3000,29.5,185.9,LABDES,06./2014,"07°10'49.2""","35°16'00.2"""
55,4235,31.333333333333332,232,LABDES,123/2014,"07°10'47.5""","35°14'25.9"""
39.70,878,19.5,522.2,LABDES,15/2012,"07°09'54.6""","35°14'13.2"""
120,seco,0,nan,,,nan,nan
94,seco,0,nan,,,nan,nan
,nan,,nan,,,"06°35'50.8""","35°28'03.1"""
,nan,,nan,,,"06°45'11.5""","35°41'52.2"""
,nan,,nan,,,"06°45'20.40""","35°41'47.40"""
94,seco,-,-,,,"06°46'13.7""","35°40'17.7"""
50,nan,0,nan,,,"07°05'00.50""","36°26'29.50"""
,nan,,nan,,,"07°04'05.4""","36°22'13.1"""
34.55,12000,,nan,,,"07°38'45.3""","36°53'37.7"""
51.12,791,26.0,nan,,,nan,nan
58,600,36.0,688.7,LABDES,266/2011,"07°38'44.1""","36°57'04.5"""
,nan,,nan,,,"07°45'21.0""","37°57'35.9"""
,nan,,nan,,,"07°40'57.0""","36°53'35.5"""
,nan,,nan,,,"07°38'58.5""","36°55'25.5"""
62,nan,0,nan,,,nan,nan
46,1200,,nan,,,nan,nan
81,nan,38,nan,,,nan,nan
51,566,15,2283.20,LABDES,277/2013,"06°29'45.5""","35°41'01.9"""
51,2117,26.0,3864.00,LABDES,278/2013,"06°29'29.4""","35°40'26.3"""
25,seco,-,-,,,"07°17'29.3""","37°00'34.5"""
32,Improdutivo,14,-,,,"07°16'58.2""","36°53'16.0"""
52.80,391,35.5,1358.80,LABDES,541/2013,"07°12'23.2""","36°50'21.9"""
52,2482,,1028.30,LABDES,442/2013,"07°14'02.0""","36°49'50.8"""
48.85,5538,18,4666.10,LABDES,10./2015,"07°12'07.5""","36°48'59.7"""
52,seco,17,-,,,"07°13'12.4""","36°50'23.6"""
48.50,1333,,2242.50,LABDES,497/2013,"07°12'34.5""","36°49'24.3"""
,nan,,nan,,,"07°12'17.3""","36°49'28.2"""
49,923,24,nan,,,"07°14'29.2""","36°53'19.8"""
,nan,,nan,,,"07°12'27.9""","36°59'41.0"""
49,12000,,3100.00,LABDES,387/2013,"07°14'06.4""","36°51'18.2"""
,nan,,nan,,,"07°11'27.9""","36°47'39.6"""
,nan,30.5,nan,,,"06°56'19.5""","36°37'51.4"""
,nan,,nan,,,"07°39'49.3""","35°38'58.0"""
,nan,,nan,,,"07°41'44.1""","35°46'10.6"""
,nan,,nan,,,"07°39'24.9""","35°41'31.1"""
,nan,,nan,,,"07°42'36.6""","35°43'47.8"""
,nan,,nan,,,"07°41'47.6""","35°47'57.1"""
,nan,,nan,,,"07°42'54.8""","35°48'22.7"""
